epoch,loss,val_loss
0,0.15483367186168145,0.22080336610476176
0,0.11850107399995663,0.17642314831415812
